layers,time,accuracy,cross-validation-accuracy,MSE,MAE,cross-entropy
10,3.4021562,1.0,0.9416666666666668,0.03886723216239077,0.3247325125701555,0.011762066448121578
